Name,ONT,PacBio
GNAS_Ex1A,0.9750263409961688,0.8491581365401015
"MCTS2P,HM13",0.9314004088964508,0.7272227378610356
RB1,0.8960061511008408,0.7471336164082387
GNAS,0.8923721205347377,0.7509260157997923
SVOPL,0.8816255221636105,0.8485175202156332
FAM50B,0.8797880396670125,0.6976972356253398
KvDMR1,0.8681597961774816,0.7759650713668025
PEG10,0.8579806768699326,0.6582992855023506
PLAGL1,0.8480799000531749,0.7772131718091
ZNF331,0.8357725752713665,0.6840205264870124
SNURF,0.8325141772580817,0.6757174566246333
TRAPPC9,0.8174158439596393,0.6734677541792654
IGF1R,0.7707074164777994,0.6349395847924306
DIRAS3,0.7671004655414818,0.6446594836071508
"ZNF597,NAA60",0.7519033678527631,0.6016534461706876
MEG3,0.7446375774736532,0.6076529367354556
PEG3,0.7280769562094853,0.5738226790706125
H19,0.7125945551335956,0.5992523754672305
MAGEL2,0.7117845887384817,0.62531512605042
"BLCAP,NNAT",0.7007091707743233,0.5807186117402828
MEST,0.6940802235965,0.6221548546208062
VTRNA2-1,0.689655257515082,0.49749558842512354
GRB10,0.6869705425309807,0.6201994393278225
DLK1,0.645080100435257,0.470995670995671
NDN,0.6199610590695753,0.4603360035603028
INPP5F,0.5694165218916224,0.5164602683178532
ZDBF2,0.556075161478786,0.438074399453844
IGF2R,0.5281147943609246,0.5090202794550619
"NESP-AS,GNAS-AS1",0.5133592785167589,0.5847439442120553
SNRPN_3,0.5066056571461703,0.4190007503516394
IGF2_DMR2,0.4407150143810585,0.3940207540998202
PWRN4,0.414093758687119,0.533106178333451
IGF2_DMR0,0.38494807045861856,0.2727609120629497
IG-DMR,0.3191998048490108,0.24936941582853267
ZDBF2_2,0.31633342606503834,0.2301673528164392
"MKRN3,MIR4508",0.10988879851699795,0.11733165621003284
SNRPN,0.09683760683760673,0.17056008507621406
SORD,0.0246124470659407,0.0220531499636892
