bin,bin_lo,series,n_sites,pearson_r_vs_wgbs,rmse_vs_wgbs
5-7,5,longverse,10869,0.595184,0.31235
5-7,5,deepmod2,10869,0.455716,0.384984
5-7,5,rockfish,10869,0.595669,0.32732
5-7,5,mean_longverse_deepmod2,10869,0.570947,0.317759
5-7,5,mean_all,10869,0.601341,0.305954
5-7,5,coverage_mean_all,10869,0.604542,0.305219
8-10,8,longverse,12028,0.68962,0.279253
8-10,8,deepmod2,12028,0.638741,0.313261
8-10,8,rockfish,12028,0.684897,0.296639
8-10,8,mean_longverse_deepmod2,12028,0.710021,0.264653
8-10,8,mean_all,12028,0.718358,0.262124
8-10,8,coverage_mean_all,12028,0.73022,0.255975
11-14,11,longverse,20972,0.7308,0.264659
11-14,11,deepmod2,20972,0.743827,0.248943
11-14,11,rockfish,20972,0.728781,0.285259
11-14,11,mean_longverse_deepmod2,20972,0.779547,0.225074
11-14,11,mean_all,20972,0.775106,0.233285
11-14,11,coverage_mean_all,20972,0.792681,0.219916
15-19,15,longverse,52234,0.843341,0.202701
15-19,15,deepmod2,52234,0.854442,0.195706
15-19,15,rockfish,52234,0.843069,0.218955
15-19,15,mean_longverse_deepmod2,52234,0.87702,0.176341
15-19,15,mean_all,52234,0.874972,0.180676
15-19,15,coverage_mean_all,52234,0.883856,0.172825
20-29,20,longverse,500542,0.945268,0.12159
20-29,20,deepmod2,500542,0.943948,0.124053
20-29,20,rockfish,500542,0.947806,0.123101
20-29,20,mean_longverse_deepmod2,500542,0.953254,0.112089
20-29,20,mean_all,500542,0.955155,0.110007
20-29,20,coverage_mean_all,500542,0.955557,0.10949
30+,30,longverse,785316,0.931859,0.12747
30+,30,deepmod2,785316,0.913921,0.144957
30+,30,rockfish,785316,0.930842,0.131826
30+,30,mean_longverse_deepmod2,785316,0.933858,0.125117
30+,30,mean_all,785316,0.9375,0.121739
30+,30,coverage_mean_all,785316,0.937355,0.12188
