arm,cov_bin,cov_bin_mid,n_cpg,PCC,MSE
human,3-6,4.5,4514,0.514379949252456,0.13389425831641
human,6-9,7.5,8495,0.6059824108184437,0.10748534930756308
human,9-12,10.5,12395,0.6628074076002002,0.0898038238903232
human,12-15,13.5,19693,0.7201845044147763,0.0739680342179567
human,15-18,16.5,33623,0.8239108564099706,0.04539591434828126
human,18-21,19.5,66248,0.909727796435801,0.02394564913298324
human,>21,22.5,1395044,0.9573483677068232,0.01111823434853147
agent_mcp_prompt,3-6,4.5,4514,0.514379949252456,0.13389425831641
agent_mcp_prompt,6-9,7.5,8495,0.6059824108184437,0.10748534930756308
agent_mcp_prompt,9-12,10.5,12395,0.6628074076002002,0.0898038238903232
agent_mcp_prompt,12-15,13.5,19693,0.7201874204604716,0.07396766964734654
agent_mcp_prompt,15-18,16.5,33623,0.8239108564099706,0.04539591434828126
agent_mcp_prompt,18-21,19.5,66248,0.909727796435801,0.02394564913298324
agent_mcp_prompt,>21,22.5,1395044,0.957348391890902,0.011118228889429392
