position_bp,human,supp3_agent
-1975,0.610670,0.610670
-1925,0.591890,0.591890
-1875,0.590350,0.590350
-1825,0.592480,0.592480
-1775,0.595170,0.595170
-1725,0.597590,0.597590
-1675,0.580550,0.580550
-1625,0.574190,0.574190
-1575,0.557110,0.557110
-1525,0.556390,0.556390
-1475,0.554770,0.554770
-1425,0.564660,0.564660
-1375,0.549500,0.549500
-1325,0.562440,0.562440
-1275,0.555040,0.555040
-1225,0.535640,0.535640
-1175,0.531740,0.531740
-1125,0.525140,0.525140
-1075,0.508610,0.508610
-1025,0.509110,0.509110
-975,0.485930,0.485930
-925,0.483170,0.483170
-875,0.457290,0.457290
-825,0.458250,0.458250
-775,0.439830,0.439830
-725,0.402240,0.402240
-675,0.413680,0.413680
-625,0.381820,0.381820
-575,0.354840,0.354840
-525,0.354880,0.354880
-475,0.330540,0.330540
-425,0.309780,0.309780
-375,0.284080,0.284080
-325,0.283150,0.283150
-275,0.255060,0.255060
-225,0.253070,0.253070
-175,0.249410,0.249410
-125,0.238060,0.238060
-75,0.226750,0.226750
-25,0.235510,0.235510
25,0.257290,0.257290
75,0.252150,0.252150
125,0.253890,0.253890
175,0.252820,0.252820
225,0.264560,0.264560
275,0.267460,0.267460
325,0.271550,0.271550
375,0.281810,0.281810
425,0.286230,0.286230
475,0.292770,0.292770
525,0.303240,0.303240
575,0.312090,0.312090
625,0.342770,0.342770
675,0.335710,0.335710
725,0.363510,0.363510
775,0.344480,0.344480
825,0.370260,0.370260
875,0.397770,0.397770
925,0.423030,0.423030
975,0.454170,0.454170
1025,0.454970,0.454970
1075,0.454960,0.454960
1125,0.499070,0.499070
1175,0.483330,0.483330
1225,0.488060,0.488060
1275,0.515000,0.515000
1325,0.509130,0.509130
1375,0.513510,0.513510
1425,0.540160,0.540160
1475,0.540630,0.540630
1525,0.541220,0.541220
1575,0.543330,0.543330
1625,0.526530,0.526530
1675,0.550570,0.550570
1725,0.579910,0.579910
1775,0.545820,0.545820
1825,0.571860,0.571860
1875,0.582820,0.582820
1925,0.596170,0.596170
1975,0.573180,0.573180
