position_bp,human,agent_mcp_prompt
-1975,0.667530,0.667530
-1925,0.627560,0.627560
-1875,0.631480,0.631480
-1825,0.647410,0.647410
-1775,0.632500,0.632500
-1725,0.630560,0.630560
-1675,0.623330,0.623330
-1625,0.608740,0.608740
-1575,0.596560,0.596560
-1525,0.584490,0.584490
-1475,0.583130,0.583120
-1425,0.608310,0.608310
-1375,0.581190,0.581190
-1325,0.600160,0.600160
-1275,0.589030,0.589030
-1225,0.561780,0.561780
-1175,0.552540,0.552540
-1125,0.544590,0.544590
-1075,0.523530,0.523530
-1025,0.516140,0.516140
-975,0.497790,0.497790
-925,0.484880,0.484880
-875,0.450070,0.450070
-825,0.451040,0.451040
-775,0.416540,0.416540
-725,0.384740,0.384740
-675,0.396640,0.396640
-625,0.356820,0.356820
-575,0.316460,0.316460
-525,0.311610,0.311610
-475,0.287650,0.287650
-425,0.252940,0.252940
-375,0.221250,0.221240
-325,0.224270,0.224270
-275,0.183420,0.183420
-225,0.188950,0.188950
-175,0.179400,0.179400
-125,0.171600,0.171600
-75,0.165620,0.165620
-25,0.170430,0.170430
25,0.196620,0.196620
75,0.192590,0.192590
125,0.196870,0.196870
175,0.192040,0.192040
225,0.196770,0.196770
275,0.202120,0.202120
325,0.212630,0.212630
375,0.214140,0.214140
425,0.227470,0.227470
475,0.226960,0.226960
525,0.242850,0.242850
575,0.260100,0.260100
625,0.290280,0.290280
675,0.294860,0.294860
725,0.325000,0.325000
775,0.301350,0.301350
825,0.338710,0.338710
875,0.365310,0.365310
925,0.409660,0.409660
975,0.438670,0.438660
1025,0.441930,0.441930
1075,0.441240,0.441240
1125,0.496010,0.496010
1175,0.477690,0.477690
1225,0.492530,0.492530
1275,0.534530,0.534530
1325,0.511800,0.511800
1375,0.523510,0.523510
1425,0.564200,0.564200
1475,0.568160,0.568160
1525,0.580640,0.580640
1575,0.584850,0.584850
1625,0.544780,0.544780
1675,0.581140,0.581140
1725,0.619200,0.619200
1775,0.578700,0.578700
1825,0.604090,0.604090
1875,0.605410,0.605400
1925,0.615480,0.615480
1975,0.615980,0.615980
