position_bp,human_command_line,agent,difference
-1975,0.666819,0.666820,0.000001
-1925,0.626749,0.626750,0.000001
-1875,0.630579,0.630580,0.000001
-1825,0.647270,0.647270,-0.000000
-1775,0.632407,0.632410,0.000003
-1725,0.630304,0.630300,-0.000004
-1675,0.622394,0.622390,-0.000004
-1625,0.608209,0.608210,0.000001
-1575,0.596190,0.596190,0.000000
-1525,0.583656,0.583660,0.000004
-1475,0.582460,0.582460,-0.000000
-1425,0.607957,0.607960,0.000003
-1375,0.580116,0.580120,0.000004
-1325,0.599151,0.599150,-0.000001
-1275,0.589034,0.589030,-0.000004
-1225,0.560725,0.560720,-0.000005
-1175,0.551705,0.551700,-0.000005
-1125,0.543452,0.543450,-0.000002
-1075,0.522745,0.522740,-0.000005
-1025,0.515910,0.515910,0.000000
-975,0.497511,0.497510,-0.000001
-925,0.483566,0.483570,0.000004
-875,0.449528,0.449530,0.000002
-825,0.450120,0.450120,-0.000000
-775,0.416289,0.416290,0.000001
-725,0.384110,0.384110,-0.000000
-675,0.395878,0.395880,0.000002
-625,0.356749,0.356750,0.000001
-575,0.316136,0.316140,0.000004
-525,0.311529,0.311530,0.000001
-475,0.287469,0.287470,0.000001
-425,0.252327,0.252330,0.000003
-375,0.220823,0.220820,-0.000003
-325,0.223974,0.223970,-0.000004
-275,0.183212,0.183210,-0.000002
-225,0.188647,0.188650,0.000003
-175,0.179186,0.179190,0.000004
-125,0.171492,0.171490,-0.000002
-75,0.165420,0.165420,0.000000
-25,0.170196,0.170200,0.000004
25,0.196424,0.196420,-0.000004
75,0.192216,0.192220,0.000004
125,0.196600,0.196600,0.000000
175,0.191880,0.191880,0.000000
225,0.196549,0.196550,0.000001
275,0.201855,0.201860,0.000005
325,0.212418,0.212420,0.000002
375,0.213896,0.213900,0.000004
425,0.227170,0.227170,-0.000000
475,0.226754,0.226750,-0.000004
525,0.242687,0.242690,0.000003
575,0.259739,0.259740,0.000001
625,0.289730,0.289730,-0.000000
675,0.294573,0.294570,-0.000003
725,0.324555,0.324560,0.000005
775,0.301081,0.301080,-0.000001
825,0.337979,0.337980,0.000001
875,0.364550,0.364550,-0.000000
925,0.409289,0.409290,0.000001
975,0.438232,0.438230,-0.000002
1025,0.441722,0.441720,-0.000002
1075,0.440147,0.440150,0.000003
1125,0.495704,0.495700,-0.000004
1175,0.477043,0.477040,-0.000003
1225,0.491946,0.491950,0.000004
1275,0.534149,0.534150,0.000001
1325,0.512012,0.512010,-0.000002
1375,0.523161,0.523160,-0.000001
1425,0.563818,0.563820,0.000002
1475,0.567797,0.567800,0.000003
1525,0.579509,0.579510,0.000001
1575,0.584206,0.584210,0.000004
1625,0.544386,0.544390,0.000004
1675,0.580632,0.580630,-0.000002
1725,0.618650,0.618650,-0.000000
1775,0.578107,0.578110,0.000003
1825,0.603542,0.603540,-0.000002
1875,0.604301,0.604300,-0.000001
1925,0.614676,0.614680,0.000004
1975,0.614718,0.614720,0.000002
