region,arm,HP1,HP2
"MCTS2P,HM13",human,0.114063,0.84776
"BLCAP,NNAT",human,0.874003,0.293284
L3MBTL,human,,
GNAS,human,0.135825,0.886751
"NESP-AS,GNAS-AS1",human,0.722989,0.138245
GNAS_XL,human,,0.182112
GNAS_Ex1A,human,0.081688,0.930846
"MCTS2P,HM13",supp4_agent,0.114063,0.84776
"BLCAP,NNAT",supp4_agent,0.874003,0.293284
L3MBTL,supp4_agent,,
GNAS,supp4_agent,0.135825,0.886751
"NESP-AS,GNAS-AS1",supp4_agent,0.722989,0.138245
GNAS_XL,supp4_agent,,0.182112
GNAS_Ex1A,supp4_agent,0.081688,0.930846
