Name,chrom,start,end,Origin,Study,Status,ONT_HP1,ONT_HP2,ONT_HP_diff,Pacbio_HP1,Pacbio_HP2,Pacbio_HP_diff,Trio_HP1,Trio_HP2,Trio_HP_diff,anno_chrom,anno_start,anno_end
ZBTB8B,chr1,32329101,32329320,Maternal,Joshi-etal,Novel,0.6514009661835749,0.3019037492721703,0.3494972169114046,0.6936026936026936,0.4536479555636644,0.23995473803902917,NA,NA,NA,chr1,32471177,32471396
OSCP1,chr1,36313091,36313859,Maternal,Joshi-etal,Novel,0.01036121818344392,0.00555252965383684,0.00480868852960708,0.09269005847953214,0.11998100664767336,0.02729094816814122,0.04,0.046,0.005999999999999998,chr1,36450237,36451005
PPIEL,chr1,39427331,39428246,Maternal,Court-etal,Novel,0.8888643052200794,0.9208895523239072,0.032025247103827814,0.8020768517447834,0.8651009121597355,0.06302406041495212,0.157,0.983,0.826,chr1,39558953,39559868
C1orf177,chr1,54686216,54686223,Maternal,Joshi-etal,Novel,0.9821428571428572,0.96,0.022142857142857242,0.9782608695652174,0.9615384615384616,0.01672240802675584,1,1,0,chr1,54805998,54806005
DIRAS3_Ex2,chr1,67924282,67925264,Maternal,Court-etal,Novel,0.7427379649923931,0.2740557471313289,0.4686822178610642,0.34183381582575134,0.7240295652060359,0.38219574938028456,0.546,0.708,0.16199999999999992,chr1,68046821,68047803
DIRAS3,chr1,67927206,67929321,Maternal,Court-etal,Known,0.83577134164982,0.06867087610833826,0.7671004655414818,0.16129875073840583,0.8059582343455566,0.6446594836071508,0.248,0.645,0.397,chr1,68049749,68051862
BRDT,chr1,91793651,91794032,Maternal,Joshi-etal,Novel,0.611405357927097,0.7837636138328429,0.17235825590574583,0.6396103896103896,0.531969696969697,0.10764069264069265,0.642,0.871,0.22899999999999998,chr1,91948785,91949166
LOC101928118,chr1,95081481,95081843,Paternal,Joshi-etal,Novel,0.645620515676189,0.08171381150211794,0.5639067041740711,0.1563620071684588,0.6769688644688645,0.5206068573004057,0.585,0.128,0.45699999999999996,chr1,95233396,95233758
PYHIN1,chr1,158067681,158067849,Maternal,Joshi-etal,Novel,0.5333694083694084,0.32111436950146627,0.21225503886794211,0.5531813865147198,0.46078431372549017,0.09239707278922965,0.841,0.283,0.558,chr1,158930592,158930760
OBSCN,chr1,227504792,227504903,Maternal,Joshi-etal,Novel,0.909126984126984,0.8811956521739129,0.02793133195307107,0.8425800492610837,0.8571428571428571,0.014562807881773443,0.812,0.927,0.11499999999999999,chr1,228315990,228316101
MIR1273E,chr1,239904176,239904699,Maternal,Joshi-etal,Novel,0.8897531055562437,0.86731974052519345,0.0224333650310502,0.8510638297872342,0.8551728019813127,0.004108972194078575,0.115,0.351,0.236,chr1,240492915,240493438
INPP5F,chr10,120716114,120716796,Maternal,Court-etal,Known,0.3171299444586563,0.8865464663502787,0.5694165218916224,0.35970072239422085,0.8761609907120741,0.5164602683178532,0.812,0.937,0.125,chr10,119818533,119819215
H19,chr11,2085258,2091187,Paternal,Court-etal,Known,0.8137536048190436,0.10115904968544796,0.7125945551335956,0.7613371089293225,0.162084733462092,0.5992523754672305,NA,NA,NA,chr11,1997581,2003510
IGF2_DMR2,chr11,2220413,2221535,Paternal,Court-etal,Known,0.4991681796393926,0.0584531652583341,0.4407150143810585,0.5165711387761078,0.12255038467628764,0.3940207540998202,0.506,0.367,0.139,chr11,2132760,2133882
IGF2_DMR0,chr11,2234754,2236188,Paternal,Court-etal,Known,0.4983360194727019,0.1133879490140833,0.38494807045861856,0.5190985275689222,0.24633761550597247,0.2727609120629497,0.389,0.096,0.29300000000000004,chr11,2147102,2148538
KvDMR1,chr11,2788056,2790367,Maternal,Court-etal,Known,0.00274810763353732,0.8709079038110189,0.8681597961774816,0.0899337932921258,0.8658988646589283,0.7759650713668025,0.024,0.894,0.87,chr11,2698717,2701029
RB1,chr13,47538521,47541943,Maternal,Court-etal,Known,0.03262367931607481,0.9286298304169156,0.8960061511008408,0.8744863073434496,0.1273526909352108,0.7471336164082387,0.131,0.965,0.834,chr13,48318204,48321627
COL4A2,chr13,109639983,109640026,Maternal,Joshi-etal,Novel,0.2079933383609854,0.04567032967032967,0.16232300869065575,0.485,0.21893939393939393,0.26606060606060605,0.527,0.159,0.368,chr13,110409898,110409941
CDC16,chr13,113443731,113443747,Paternal,Joshi-etal,Novel,0,0,0,0.14616402116402116,0.1388888888888889,0.007275132275132268,0,0,0,chr13,114234672,114234688
DLK1,chr14,94961426,94961490,Paternal,Joshi-etal,Known,0.24297052154195012,0.8880506219772071,0.645080100435257,0.7761904761904762,0.3051948051948052,0.470995670995671,0.883,0.762,0.121,chr14,100726513,100726577
IG-DMR,chr14,95043977,95046609,Paternal,Court-etal,Known,0.4374591462175992,0.75665895106661,0.3191998048490108,0.6854775432900434,0.43610812746151073,0.24936941582853267,0.627,0.549,0.07799999999999996,chr14,100809089,100811721
MEG3,chr14,95059074,95062529,Paternal,Court-etal,Known,0.11580204142680792,0.8604396189004612,0.7446375774736532,0.8071265159122822,0.19947357917682665,0.6076529367354556,0.858,0.102,0.756,chr14,100824186,100827641
MEG8,chr14,95139835,95140514,Maternal,Court-etal,Novel,0.7301671503565198,0.09174756991264892,0.6384195804438709,0.19034296751527785,0.6998814677386106,0.5095385002233328,0.094,0.742,0.648,chr14,100904403,100905082
TUBGCP5,chr15,20711746,20711813,Maternal,Joshi-etal,Novel,0.29411764705882354,0.03125,0.26286764705882354,0.39583333333333337,0.11904761904761904,0.2767857142857143,0,0.125,0.125,chr15,23039852,23039919
"MKRN3,MIR4508",chr15,21296352,21301762,Maternal,Court-etal,Known,0.7206232151797451,0.6107344166627472,0.10988879851699795,0.7063558887836358,0.5890242325736029,0.11733165621003283,0.624,0.679,0.05500000000000005,chr15,23561938,23567348
MAGEL2,chr15,21381698,21383303,Maternal,Court-etal,Known,0.811639868739138,0.09985528000065624,0.7117845887384817,0.8417366946778709,0.21642156862745093,0.62531512605042,0.082,0.762,0.68,chr15,23647277,23648882
NDN,chr15,21420791,21422100,Maternal,Court-etal,Known,0.7456440184623682,0.12568295939279284,0.6199610590695753,0.7201824655095684,0.25984646194926564,0.4603360035603028,0.548,0.852,0.30399999999999994,chr15,23686303,23687612
PWRN4,chr15,21632188,21632271,Maternal,Joshi-etal,Known,0.9029598612259904,0.48886610253887136,0.414093758687119,0.865185950413223,0.332079772079772,0.533106178333451,0.887,0.977,0.08999999999999997,chr15,23897771,23897854
SNRPN_intragenic_CpG32,chr15,21835666,21836073,Maternal,Court-etal,Novel,0.3508476168216975,0.25705567667936485,0.09379194014233266,0.3987117552334945,0.3278787878787878,0.07083296735470668,0.359,0.632,0.273,chr15,24101588,24101995
SNRPN_intragenic_CpG29,chr15,22160836,22161644,Maternal,Court-etal,Novel,NA,0.08492063492063491,NA,0.7349107142857145,0.16818181818181818,0.5667288961038963,0.349,0.562,0.21300000000000008,chr15,24426724,24427532
SNRPN_intragenic_CpG30,chr15,22211721,22212040,Maternal,Court-etal,Novel,0.05180983378884429,0.5706772634437575,0.5188674296549132,0.12800637496377862,0.5578735632183909,0.42986718825461223,0.346,0.778,0.43200000000000005,chr15,24477605,24477924
SNRPN_intragenic_CpG40,chr15,22509411,22510374,Maternal,Court-etal,Novel,NA,NA,NA,0.16119402985074624,NA,NA,0.073,0.763,0.6900000000000001,chr15,24772776,24773739
SNRPN_4,chr15,22560068,22560986,Maternal,Court-etal,Known,NA,NA,NA,NA,0.5664160401002506,NA,0.373,0.625,0.252,chr15,24823416,24824334
SNRPN_2,chr15,22584401,22585283,Maternal,Court-etal,Known,0.7676470588235295,NA,NA,0.2307692307692308,0.6072267708137273,0.3764575400444965,0.091,0.668,0.5770000000000001,chr15,24847860,24848682
SNRPN,chr15,22593078,22593134,Maternal,Joshi-etal,Known,0.5155555555555555,0.4187179487179488,0.09683760683760673,0.443956043956044,0.614516129032258,0.17056008507621406,0.02,0.525,0.505,chr15,24856478,24856534
SNRPN_3,chr15,22614484,22615363,Maternal,Court-etal,Known,0.7390262502592132,0.2324205931130429,0.5066056571461703,0.244594543243654,0.6635952935952935,0.4190007503516394,0.285,0.754,0.46900000000000003,chr15,24877879,24878758
SNURF,chr15,22691522,22693495,Maternal,Court-etal,Known,0.8366421244501883,0.00412794719210648,0.8325141772580817,0.10969927799344942,0.7854167346180827,0.6757174566246333,0.018,0.83,0.8119999999999999,chr15,24954856,24956829
"PWARSN,SNORD107,PWARSN,PWAR5",chr15,22718552,22721806,Paternal,Joshi-etal,Novel,0.6902850293262792,0.9315514282129188,0.2412663988866396,0.8561637008175702,0.6678359683794468,0.1883277324381234,0.951,0.568,0.383,chr15,24981887,24985149
SNORD116Cluster,chr15,22787914,22793373,Paternal,Joshi-etal,Novel,0.6398629651538188,0.8988272249906712,0.25896425983685245,0.7865985454178871,0.5986278205114205,0.1879707249064666,0.889,0.536,0.353,chr15,25051255,25056714
SNORD116Cluster_2,chr15,22810623,22829732,Paternal,Joshi-etal,Novel,0.4494524253853095,0.8648046614502392,0.41535223606492966,0.7803853814153676,0.48556134268760226,0.29482403872776536,0.917,0.385,0.532,chr15,25073964,25093073
SNORD115Cluster,chr15,22917913,22920700,Paternal,Joshi-etal,Novel,0.5821351623817751,0.628829786694249,0.046694624312473954,0.6058290089540089,0.576152127517674,0.029676881436334956,0.598,0.482,0.11599999999999999,chr15,25181243,25184030
SORD,chr15,42830609,42830766,Maternal,Joshi-etal,Known,0.0171455938697318,0.04175804093567251,0.024612447065940707,0.10493827160493824,0.12699142156862744,0.022053149963689206,0.526,0.801,0.275,chr15,45022589,45022746
IGF1R,chr15,96629637,96630792,Maternal,Court-etal,Known,0.7977126230754362,0.02700520659763681,0.7707074164777994,0.10115367383512544,0.736093258627556,0.6349395847924306,0.017,0.809,0.792,chr15,98865266,98866421
TIGD7,chr16,3322510,3322654,Maternal,Joshi-etal,Novel,0.6804173206514494,0.6921881284238265,0.011770807772377045,0.6672932330827067,0.8063596491228072,0.1390664160401005,0.93,0.901,0.029000000000000026,chr16,3295461,3295605
MTRNR2L4,chr16,3392015,3392346,Paternal,Joshi-etal,Novel,0.01014155805916258,0.00462895533104261,0.00551260272811997,0.13839999999999997,0.12363030303030303,0.014769696969696933,0.417,0,0.417,chr16,3364981,3365312
ZNF597,chr16,3459064,3459650,Maternal,Court-etal,Novel,0.1139705882352941,0.8928312585525664,0.7788606703172722,0.18349753694581283,0.8682124455013871,0.6847149085555743,0.009,0.944,0.9349999999999999,chr16,3431800,3432388
"ZNF597,NAA60",chr16,3470096,3471732,Paternal,Court-etal,Known,0.7720089984540459,0.02010563060128278,0.7519033678527631,0.7239249762583096,0.12227153008762204,0.6016534461706876,0.816,0.084,0.732,chr16,3442827,3444463
ZNF331,chr19,56616849,56618552,Maternal,Court-etal,Known,0.8894512300693171,0.0536786547979507,0.8357725752713665,0.8333559442500975,0.14933541776308515,0.6840205264870124,0.097,0.911,0.8140000000000001,chr19,53537255,53538958
ZNF331_2,chr19,56633432,56634772,Maternal,Court-etal,Novel,0.88335676260195,0.04425736911053464,0.8390993934914153,0.8452582182298201,0.12605668065438183,0.7192015375754383,0.054,0.905,0.851,chr19,53553831,53555171
PEG3,chr19,59932192,59936971,Maternal,Court-etal,Known,0.1404210309611394,0.8684979871706248,0.7280769562094853,0.8020109943693108,0.22818831529869832,0.5738226790706125,NA,NA,NA,chr19,56837124,56841903
LOC151121,chr2,130015733,130016047,Paternal,Joshi-etal,Novel,0.8857153203884146,0.755658689239925,0.13005663114848964,0.8636784215601949,0.7291990370937743,0.1344793844664206,0.917,0.854,0.06300000000000006,chr2,129587469,129587783
C2orf27B,chr2,132265091,132265797,Paternal,Joshi-etal,Novel,0.3221264722427836,0.6472631348240818,0.3251366625812982,0.30788177339901507,0.6189833558254612,0.3111015824264461,0.878,0.961,0.08299999999999996,chr2,131829504,131830210
DLX2-AS1,chr2,172595624,172595706,Paternal,Joshi-etal,Novel,0.03988215488215488,0.02650271729219097,0.013379437589963909,0.03947368421052631,0.08952702702702703,0.05005334281650072,0,1,1,chr2,172109408,172109490
ZDBF2,chr2,206731761,206753738,Paternal,Court-etal,Known,0.7686398997932476,0.21256473831446163,0.556075161478786,0.7134985373864203,0.27542413793257636,0.43807439945384397,0.79,0.23,0.56,chr2,206249858,206271820
ZDBF2_2,chr2,206753376,206755459,Paternal,Joshi-etal,Known,0.8278562113995156,0.5115227853344773,0.31633342606503834,0.7531291172595522,0.522961764443113,0.23016735281643919,0.835,0.453,0.38199999999999995,chr2,206271458,206273541
"MCTS2P,HM13",chr20,33271083,33272354,Maternal,Court-etal,Known,0.03013037248759532,0.9615307813840462,0.9314004088964509,0.8427211874020383,0.11549844954100266,0.7272227378610356,0.046,0.991,0.945,chr20,31546859,31548130
"BLCAP,NNAT",chr20,39244296,39246221,Maternal,Court-etal,Known,0.9378146130332932,0.23710544225896987,0.7007091707743233,0.2932844092802819,0.8740030210205647,0.5807186117402828,0.739,0.912,0.17300000000000004,chr20,37520201,37522126
L3MBTL,chr20,45246987,45248663,Maternal,Court-etal,Known,NA,NA,NA,NA,NA,NA,0.013,0.8,0.787,chr20,43513724,43515400
GNAS,chr20,60622123,60626697,Paternal,Court-etal,Known,0.9278553050993458,0.03548318456460803,0.8923721205347377,0.8867505987184404,0.13582458291864805,0.7509260157997923,0.971,0.159,0.8119999999999999,chr20,58838983,58843557
"NESP-AS,GNAS-AS1",chr20,60633712,60636097,Maternal,Court-etal,Known,0.03344424604267124,0.5468035245594302,0.5133592785167589,0.13824456153507125,0.7229885057471266,0.5847439442120553,0.028,0.877,0.849,chr20,58850593,58852978
GNAS_XL,chr20,60636968,60639527,Maternal,Court-etal,Known,0.05866176212997022,0.8842664069936795,0.8256046448637093,0.1821124855044454,NA,NA,0.074,0.879,0.805,chr20,58853849,58856408
GNAS_Ex1A,chr20,60671328,60673270,Maternal,Court-etal,Known,0.01118055555555555,0.9862068965517242,0.9750263409961687,0.08168831168831168,0.9308464482284132,0.8491581365401015,0.032,0.988,0.956,chr20,58888209,58890146
"MIR8069-1,MIR3118-1",chr21,12049108,12049577,Maternal,Joshi-etal,Novel,0.5810399753284993,0.500810255628106,0.08022971970039328,0.5373376623376623,0.5922363379713652,0.054898675633702876,NA,NA,NA,chr21,13704773,13705242
ANKRD20A11P,chr21,12324353,12324705,Paternal,Joshi-etal,Novel,0.00353218210361067,0.005293048150191,0.0017608660465803301,0.11214786214786214,0.09022556390977442,0.021922298238087723,0.742,0.133,0.609,chr21,13980285,13980637
LIPI_2,chr21,12407957,12408119,Maternal,Joshi-etal,Novel,0.933870935266284,0.9124022728048036,0.02146866246148038,0.9083333333333334,0.8776730769230771,0.03066025641025638,1,1,0,chr21,14063937,14064099
LIPI,chr21,12428286,12428950,Maternal,Joshi-etal,Novel,0.8839034366079666,0.9336878028803494,0.04978436627238281,0.8817733990147781,0.8745374762808348,0.007235922733943356,0.963,0.954,0.009000000000000008,chr21,14084282,14084946
WRB,chr21,37770169,37770936,Maternal,Court-etal,Novel,0.9205198723389626,0.4285490073222272,0.49197086501673537,0.46403481647842554,0.8479516806722691,0.3839168641938436,0.216,0.896,0.68,chr21,39385583,39386350
NHP2L1,chr22,42160746,42161845,Maternal,Court-etal,Novel,0.00718442932728647,0.9459774301561742,0.9387930008288877,0.13520109798305285,0.8842094342610334,0.7490083362779805,0.022,0.993,0.971,chr22,41681769,41682869
FAM53A,chr4,1545917,1546075,Maternal,Joshi-etal,Novel,0.8083096123757043,0.8404771846856621,0.032167572309957815,0.7052696078431372,0.6014492753623187,0.10382033248081846,0.794,0.647,0.14700000000000002,chr4,1548465,1548623
JAKMIP1,chr4,6079167,6079672,Maternal,Joshi-etal,Novel,0.18975662566993837,0.924420079595518,0.7346634539255796,0.22689558654470937,0.9397660818713446,0.7128704953266352,0.64,0.94,0.29999999999999993,chr4,6105402,6105907
NAP1L5,chr4,92028670,92029724,Maternal,Court-etal,Known,NA,NA,NA,0.9058171745152348,0.08659469185784975,0.8192224826573851,0.039,0.955,0.9159999999999999,chr4,88697032,88698086
VTRNA2-1,chr5,136601957,136602860,Maternal,Joshi-etal,Known,0.8091104255472072,0.11945516803212514,0.689655257515082,0.2135516657255788,0.7110472541507024,0.49749558842512354,NA,NA,NA,chr5,136079438,136080341
FAM50B,chr6,3718484,3719762,Maternal,Court-etal,Known,0.03134920634920635,0.9111372460162188,0.8797880396670125,0.14357020886432648,0.8412674444896663,0.6976972356253398,0.234,0.916,0.682,chr6,3848847,3850125
PLAGL1,chr6,145199653,145201464,Maternal,Court-etal,Known,0.9301228789831016,0.08204297892992676,0.8480799000531749,0.9190342424763244,0.14182107066722435,0.7772131718091,0.097,0.979,0.882,chr6,144006940,144008751
IGF2R,chr6,161251709,161252713,Maternal,Court-etal,Known,0.38081413456800434,0.9089289289289288,0.5281147943609246,0.9034532838880662,0.39443300443300433,0.5090202794550619,0.632,0.969,0.33699999999999997,chr6,160005525,160006529
SMOC2,chr6,169727798,169727970,Maternal,Joshi-etal,Novel,0.7273205847654377,0.5607865968146283,0.16653398795080943,0.6754385964912282,0.5701628352490421,0.10527576124218607,0.488,0.403,0.08499999999999996,chr6,168384673,168384845
WDR27,chr6,171008125,171009240,Maternal,Court-etal,Novel,0.9418986468105028,0.1324347856811346,0.8094638611293683,0.8097581969383972,0.21908555088702147,0.5906726460513758,0.123,0.952,0.829,chr6,169654407,169655522
MAD1L1,chr7,2055348,2055923,Paternal,Joshi-etal,Novel,0.25223502209009463,0.5501759011137994,0.2979408790237048,0.32010582010582017,0.5764705882352942,0.256364768129474,0.649,0.758,0.10899999999999999,chr7,1940841,1941257
RPS2P32,chr7,23626786,23627600,Maternal,Joshi-etal,Novel,0.00178309087454842,0.9435920076019244,0.941808916727376,0.8990013147691426,0.11802093718843457,0.780980377580708,NA,NA,NA,chr7,23490378,23491192
GRB10,chr7,50942205,50944802,Maternal,Court-etal,Known,0.18516499957598892,0.8721355421069695,0.6869705425309807,0.8554312386660229,0.23523179933820035,0.6201994393278225,0.176,0.891,0.7150000000000001,chr7,50781028,50783615
PEG10,chr7,95892148,95894527,Maternal,Court-etal,Known,0.87742010280023075,0.01943942593029814,0.8579806768699326,0.7729603729603729,0.11466108745802228,0.6582992855023506,NA,0.85,NA,chr7,94656224,94658648
MEST,chr7,131804001,131808268,Maternal,Court-etal,Known,0.1807269656568582,0.8748071892533582,0.6940802235965,0.8388770368530024,0.21672218223219625,0.6221548546208062,0.076,0.924,0.8480000000000001,chr7,130490280,130494547
SVOPL,chr7,139976480,139977152,Maternal,Joshi-etal,Known,0.8867805093805585,0.00515498721694809,0.8816255221636105,0.9118598382749324,0.06334231805929919,0.8485175202156332,0.137,0.154,0.016999999999999987,chr7,138664027,138664699
HTR5A,chr7,156246606,156247270,Maternal,Court-etal,Novel,0.44878808738885145,0.8014170756779454,0.35262898828909395,0.45153605015673987,0.7564755244755242,0.3049394743187844,0.654,0.933,0.279,chr7,155071008,155071672
LOC101927815,chr8,2487349,2487556,Maternal,Joshi-etal,Novel,0.8760426121817252,0,0.8760426121817252,0.7349857549857549,0.13333333333333333,0.6016524216524216,NA,NA,NA,chr8,2733674,2733881
"CXORF56_pseudogene,ERLIN2",chr8,38023870,38024967,Maternal,Court-etal,Novel,NA,0.8958333333333333,NA,0.8387768573527087,0.14829535417770706,0.6904815031750016,NA,NA,NA,chr8,37747473,37748570
CHD7,chr8,61137804,61138014,Maternal,Joshi-etal,Novel,NA,0.26513918180584845,NA,NA,NA,NA,NA,1,NA,chr8,60714064,60714274
TRAPPC9,chr8,141218129,141221064,Maternal,Court-etal,Known,0.0856648158510657,0.903080659810705,0.8174158439596393,0.17298303084488945,0.8464507850241548,0.6734677541792654,0.068,0.98,0.9119999999999999,chr8,140098047,140100982
TRAPPC9_2,chr8,141469298,141469548,Maternal,Joshi-etal,Novel,0.4773247202779988,0.8998144725075792,0.42248975222958035,0.4305882352941176,0.8627196333078688,0.4321313980137512,0.988,0.96,0.028000000000000025,chr8,140349438,140349688
PSCA,chr8,143813904,143813912,Maternal,Joshi-etal,Novel,0.7619047619047619,0.5104620749782041,0.2514426869265578,0.5625,0.8275862068965517,0.2650862068965517,0,1,1,chr8,142670376,142670384
